Feature,x,y
Price,0.0,0.0
Price,-0.42019002293833674,0.41439950955240623
Rating,0.0,0.0
Rating,0.22136606073311937,0.3016455262647285
No_of_ratings,0.0,0.0
No_of_ratings,0.4963856384199901,0.4319365978633006
TotalReviews,0.0,0.0
TotalReviews,0.45899457617029427,0.46955119537005957
RamSize (GB),0.0,0.0
RamSize (GB),-0.37248260841200087,0.3421539582462329
RomSize (GB),0.0,0.0
RomSize (GB),-0.4226338784643317,0.46169919014057315
