PC1,PC2,Feature
-0.6079485315173522,0.5644105693655006,Price
0.3378658162939811,0.4143736073902123,Rating
0.7975860382278797,0.5442853083116855,No_of_ratings
0.745405300879682,0.5918423048265591,TotalReviews
-0.5748772034341665,0.49163975512982316,RamSize (GB)
-0.6243683247654362,0.6238535033591145,RomSize (GB)
