PCA Components,Explained variance,pca.explained_variance_ratio_
PC1,0.4,0.39855440265562414
PC2,0.69,0.2940593605945224
PC3,0.84,0.1466540159019826
PC4,0.93,0.09442958993160125
PC5,0.99,0.05845525364761578
